"play_type","play_info","of_id","cut_id","game_id","play_id","throwfull_distance","throwfull_speed","throwfull_angle","throwfull_miss","throwfull_accuracy","throwfull_efficiency","throw1_distance","throw1_speed","throw1_angle","throw1_miss","throw1_accuracy","throw1_efficiency","throw2_distance","throw2_speed","throw2_angle","throw2_miss","throw2_accuracy","throw2_efficiency"
"full","7-4",5626,NA,"1901_01_TeamLG_TeamA3",37,187.853045586171,87.3735095749632,0.0377785008841118,2.3816325385318,0.998740716637196,82.6102444978996,NA,NA,NA,NA,NA,NA,NA,NA,NA,NA,NA,NA
"full","9-2",1851,NA,"1901_01_TeamLG_TeamA3",152,252.03225845062,112.014337089164,1.27458072385434,6.1898617231103,0.957513975871522,99.6346136429437,NA,NA,NA,NA,NA,NA,NA,NA,NA,NA,NA,NA
"full","7-4",1923,NA,"1901_01_TeamLG_TeamA3",212,210.094304976908,91.34534998996,2.38268247991331,9.22583311283029,0.920577250669556,72.8936837642994,NA,NA,NA,NA,NA,NA,NA,NA,NA,NA,NA,NA
"full","8-5",9871,NA,"1901_01_TeamLG_TeamA3",230,228.808017862749,101.692452383444,1.99200322547749,8.70314596294926,0.933599892484084,84.2861604575454,NA,NA,NA,NA,NA,NA,NA,NA,NA,NA,NA,NA
"full","7-5",9871,NA,"1901_02_TeamLG_TeamA3",27,175.798107123029,62.7850382582247,0.838314292106334,8.77767635359888,0.972056190263122,45.2296855510269,NA,NA,NA,NA,NA,NA,NA,NA,NA,NA,NA,NA
"full","9-6",NA,NA,"1901_02_TeamLG_TeamA3",148,205.075224331415,102.537612165707,1.85163862983838,7.87509333115291,0.938278712338721,86.7874255034015,NA,NA,NA,NA,NA,NA,NA,NA,NA,NA,NA,NA
"full","7-4",1923,NA,"1901_02_TeamLG_TeamA3",168,178.785314038933,89.3926570194667,2.99084732482857,11.9302781161931,0.900305089172381,65.5321007870805,NA,NA,NA,NA,NA,NA,NA,NA,NA,NA,NA,NA
"full","7-5",1923,NA,"1901_02_TeamLG_TeamA3",245,217.949003723004,83.8265398934631,2.77280587733968,13.0522234006318,0.907573137422011,57.7220930921995,NA,NA,NA,NA,NA,NA,NA,NA,NA,NA,NA,NA
"full","9-2",1119,NA,"1901_02_TeamLG_TeamA3",251,217.158848146697,114.294130603524,1.70752647688707,7.07513904284573,0.943082450770431,100.143852517833,NA,NA,NA,NA,NA,NA,NA,NA,NA,NA,NA,NA
"full","9-2",5626,NA,"1901_02_TeamLG_TeamA3",268,211.506094533704,114.327618666867,1.38131697514974,5.29470330462737,0.953956100828342,103.738212057612,NA,NA,NA,NA,NA,NA,NA,NA,NA,NA,NA,NA
"full","8-6",9871,NA,"1901_03_TeamLG_TeamA3",25,195.514877642496,108.619376468053,0.116852214725419,1.70929378691903,0.996104926175819,105.200788894215,NA,NA,NA,NA,NA,NA,NA,NA,NA,NA,NA,NA
"full","7-4",5626,NA,"1901_03_TeamLG_TeamA3",81,180.537406350955,70.7989828827276,0.568235421817531,8.31169755793604,0.981058819272749,54.1755877668555,NA,NA,NA,NA,NA,NA,NA,NA,NA,NA,NA,NA
"full","9-6",7927,NA,"1901_03_TeamLG_TeamA3",131,219.153219886088,74.2892270800298,1.31073800158827,8.9605718128923,0.956308733280391,56.3680834542452,NA,NA,NA,NA,NA,NA,NA,NA,NA,NA,NA,NA
"full","8-6",9871,NA,"1901_03_TeamLG_TeamA3",135,156.432405643588,92.0190621432869,3.81625961639061,11.8185758029803,0.872791346120313,68.3819105373264,NA,NA,NA,NA,NA,NA,NA,NA,NA,NA,NA,NA
"full","9-6",9907,NA,"1901_04_TeamLI_TeamA3",286,183.269607068766,69.1583422901005,1.6475893048948,7.44388625181767,0.945080356503507,54.2705697864652,NA,NA,NA,NA,NA,NA,NA,NA,NA,NA,NA,NA
"full","7-6",1721,NA,"1901_05_TeamLI_TeamA3",13,132.274990187715,82.6718688673216,0.379122718357362,7.95658886941148,0.987362576054755,66.7586911284987,NA,NA,NA,NA,NA,NA,NA,NA,NA,NA,NA,NA
"full","7-4",5569,NA,"1901_05_TeamLI_TeamA3",39,103.434720799643,60.8439534115544,0.879886083355084,4.09615580911908,0.970670463888164,52.6516417933163,NA,NA,NA,NA,NA,NA,NA,NA,NA,NA,NA,NA
"cut","8-4-2",2320,1693,"1901_05_TeamLI_TeamA3",225,338.321667310579,82.5174798318485,0.508546042296346,6.47179268054888,0.991524232628394,69.5738944707508,149.508256544747,93.4426603404671,0.288896851905229,5.26769596787818,0.990370104936492,86.9708676599183,181.442731142419,100.801517301344,0.508546042296346,6.47179268054888,0.983048465256788,87.8579319402459
"full","8-6",2320,NA,"1901_05_TeamLI_TeamA3",279,178.61113004088,70.0435804081881,0.412796048014597,10.7672635622984,0.986240131732847,48.5090532835912,NA,NA,NA,NA,NA,NA,NA,NA,NA,NA,NA,NA
"full","8-4",9460,NA,"1901_06_TeamLI_TeamA3",16,227.233864472398,108.206602129713,0.447244596145449,5.83743721760232,0.985091846795152,96.5317276945085,NA,NA,NA,NA,NA,NA,NA,NA,NA,NA,NA,NA
"full","8-4",2320,NA,"1901_06_TeamLI_TeamA3",62,197.954636053945,98.9773180269727,0.287263713377905,3.06371372846747,0.990424542887403,92.8498905700378,NA,NA,NA,NA,NA,NA,NA,NA,NA,NA,NA,NA
"full","8-6",2320,NA,"1901_06_TeamLI_TeamA3",75,207.425946420644,68.0085070231621,0.774711685289894,3.55435286655672,0.974176277157004,60.8998012900486,NA,NA,NA,NA,NA,NA,NA,NA,NA,NA,NA,NA
"full","8-4",9460,NA,"1901_06_TeamLI_TeamA3",106,148.095894445221,92.559934028263,0.279165864609913,3.05668082893847,0.990694471179669,86.4465723703861,NA,NA,NA,NA,NA,NA,NA,NA,NA,NA,NA,NA
"full","8-4",9460,NA,"1901_06_TeamLI_TeamA3",107,144.07991269962,92.9547823868513,1.20869396131173,9.50475787666057,0.959710201289609,73.9452666335302,NA,NA,NA,NA,NA,NA,NA,NA,NA,NA,NA,NA
"full","9-4",9907,NA,"1901_06_TeamLI_TeamA3",113,175.375508075672,109.609692547295,1.54971001493782,11.39989406646,0.948342999502073,86.8099044143749,NA,NA,NA,NA,NA,NA,NA,NA,NA,NA,NA,NA
"cut","8-6-4",9460,3326,"1901_06_TeamLI_TeamA3",117,193.989424029378,77.5957696117514,6.87381369113225,4.94671287621991,0.885436438481129,67.7023438593116,191.26955386203,123.399712169052,1.00103393737669,3.43911055361702,0.966632202087444,118.452999292832,31.7344952014366,63.4689904028731,6.87381369113225,4.94671287621991,0.770872876962258,53.5755646504333
"full","7-4",1721,NA,"1901_06_TeamLI_TeamA3",203,159.490944493849,102.897383544419,2.32969690173359,7.01656566753992,0.92234343660888,88.8642522093388,NA,NA,NA,NA,NA,NA,NA,NA,NA,NA,NA,NA
"full","7-2",5814,NA,"1901_16_TeamLH_TeamA3",145,236.19540706648,94.4781628265918,2.77823753104338,12.2131060463749,0.907392082298554,70.051950733842,NA,NA,NA,NA,NA,NA,NA,NA,NA,NA,NA,NA
"cut","8-4-2",9759,7952,"1901_17_TeamLH_TeamA3",168,363.658362559147,78.2060994750854,0.00783036120655881,1.53338834578468,0.999869493979891,75.139322783516,180.926057730223,97.7978690433638,2.22641406794489,10.1019992817561,0.92578619773517,96.2644806975791,189.817338005489,92.5938234173117,0.00783036120655881,1.53338834578468,0.999738987959781,89.5270467257423
"full","7-4",2141,NA,"1901_17_TeamLH_TeamA3",338,210.663976419059,76.6050823342034,0.11838702702107,4.39462186222615,0.996053765765964,67.8158386097511,NA,NA,NA,NA,NA,NA,NA,NA,NA,NA,NA,NA
"full","9-6",5814,NA,"1901_18_TeamLH_TeamA3",43,194.971511682348,99.9853906063323,2.43476072245915,9.0138796261252,0.918841309251362,81.957631354082,NA,NA,NA,NA,NA,NA,NA,NA,NA,NA,NA,NA
"full","9-5",1721,NA,"1901_18_TeamLH_TeamA3",82,209.434275019277,116.352375010709,2.12473448959693,7.77132967012056,0.929175517013436,100.809715670468,NA,NA,NA,NA,NA,NA,NA,NA,NA,NA,NA,NA
"full","7-4",6596,NA,"1901_18_TeamLH_TeamA3",125,195.170569224076,83.0513060527985,3.04494712814831,10.589350473471,0.898501762395056,61.8726051058565,NA,NA,NA,NA,NA,NA,NA,NA,NA,NA,NA,NA
"full","7-2",6596,NA,"1901_18_TeamLH_TeamA3",211,197.294180614533,91.7647351695503,2.89035330699757,10.3048167889502,0.903654889766748,71.15510159165,NA,NA,NA,NA,NA,NA,NA,NA,NA,NA,NA,NA
"full","8-6",2320,NA,"1901_18_TeamLH_TeamA3",214,129.004126536363,60.0019193192387,0.774885022765119,3.3340282960122,0.974170499241163,53.3338627272143,NA,NA,NA,NA,NA,NA,NA,NA,NA,NA,NA,NA
"full","9-6",5814,NA,"1901_18_TeamLH_TeamA3",258,142.165893897271,63.1848417321203,0.425520106685839,2.28930331508627,0.985815996443805,58.6062351019477,NA,NA,NA,NA,NA,NA,NA,NA,NA,NA,NA,NA
"full","9-6",1684,NA,"1902_01_TeamMG_TeamA3",68,205.701355814321,85.7088982559672,2.60918433455146,9.81546092795998,0.913027188848285,66.0779764000472,NA,NA,NA,NA,NA,NA,NA,NA,NA,NA,NA,NA
"full","9-5",7652,NA,"1902_01_TeamMG_TeamA3",138,265.264538843793,93.0752767872957,1.48048753208719,8.10334057302296,0.950650415597094,76.8685956412498,NA,NA,NA,NA,NA,NA,NA,NA,NA,NA,NA,NA
"full","7-4",8917,NA,"1902_01_TeamMG_TeamA3",179,206.540413108839,86.0585054620164,2.35527606933112,8.88684981500756,0.921490797688963,68.2848058320012,NA,NA,NA,NA,NA,NA,NA,NA,NA,NA,NA,NA
"cut","8-6-5",2141,2190,"1902_01_TeamMG_TeamA3",249,347.32769616299,83.6934207621662,3.88626921493537,12.9487217048643,0.935228846417744,57.7959773524375,196.41977952467,89.2817179657591,3.42794094547536,13.8589604494763,0.885735301817488,76.3329962608948,156.875885946598,116.204359960443,3.88626921493537,12.9487217048643,0.870457692835488,90.3069165507142
"cut","7-6-2",3036,9941,"1902_02_TeamMG_TeamA3",89,302.80413351713,85.2969390189099,2.30095830890447,6.79045325728121,0.961650694851592,71.7160325043475,145.541992780125,93.8980598581453,0.696840845227625,5.93794701954304,0.976771971825746,87.107606600864,146.370390147085,108.422511220063,2.30095830890447,6.79045325728121,0.923301389703184,94.8416047055009
"cut","7-6-2",3036,9941,"1902_02_TeamMG_TeamA3",114,289.899991523784,80.5277754232733,1.40208136862022,6.11272967788401,0.976631977189663,68.3023160675053,126.80791128514,84.5386075234268,0.00335264170394473,12.2299490876332,0.999888245276535,78.4258778455428,142.469839336542,105.533214323364,1.40208136862022,6.11272967788401,0.953263954379326,93.3077549675962
"full","7-5",3036,NA,"1902_02_TeamMG_TeamA3",283,212.886562838757,72.1649365555108,0.553010604888409,14.8134384047594,0.981566313170386,42.5380597459921,NA,NA,NA,NA,NA,NA,NA,NA,NA,NA,NA,NA
"full","8-6",2141,NA,"1902_03_TeamMG_TeamA3",38,208.354524945776,78.6243490361419,2.67833260926298,10.0423233943744,0.910722246357901,58.539702247393,NA,NA,NA,NA,NA,NA,NA,NA,NA,NA,NA,NA
"full","7-2",3036,NA,"1902_03_TeamMG_TeamA3",67,201.573731327894,98.328649428241,0.811610202739042,6.21565734602994,0.972946326575365,85.8973347361811,NA,NA,NA,NA,NA,NA,NA,NA,NA,NA,NA,NA
"full","7-4",1684,NA,"1902_03_TeamMG_TeamA3",111,206.750700355597,73.8395358412848,1.7319394888791,11.1594089391627,0.94226868370403,51.5207179629594,NA,NA,NA,NA,NA,NA,NA,NA,NA,NA,NA,NA
"cut","9-4-5",7652,8988,"1902_03_TeamMG_TeamA3",149,340.164461071421,91.9363408301137,0.341526535854281,6.08042259469685,0.994307891069095,79.77549564072,180.110223278802,109.157711078062,3.29126331533653,15.0229150016474,0.890291222822116,103.077288483365,163.200098814982,116.571499153559,0.341526535854281,6.08042259469685,0.988615782138191,104.410653964165
"full","7-4",3036,NA,"1902_03_TeamMG_TeamA3",161,171.961795429246,88.1855361175623,1.70509834073,5.37171578155704,0.943163388642333,77.4421045544482,NA,NA,NA,NA,NA,NA,NA,NA,NA,NA,NA,NA
"full","8-4",5633,NA,"1902_03_TeamMG_TeamA3",165,150.534454688952,91.2330028417888,1.4252006238252,4.18233916704325,0.95249331253916,82.8683245077023,NA,NA,NA,NA,NA,NA,NA,NA,NA,NA,NA,NA
"full","9-6",1119,NA,"1902_03_TeamMG_TeamA3",255,115.096170315089,82.2115502250637,0.851572512064023,3.32933687404624,0.971614249597866,75.5528764769712,NA,NA,NA,NA,NA,NA,NA,NA,NA,NA,NA,NA
"full","7-5",1684,NA,"1902_03_TeamMG_TeamA3",260,249.642759889507,79.2516698061927,0.561065085642652,7.13494306383029,0.981297830478578,64.9817836785321,NA,NA,NA,NA,NA,NA,NA,NA,NA,NA,NA,NA
"full","7-4",1684,NA,"1902_03_TeamMG_TeamA3",316,194.086812556057,90.2729360725847,0.69735514021421,6.64036787324738,0.976754828659526,76.9922003260899,NA,NA,NA,NA,NA,NA,NA,NA,NA,NA,NA,NA
"full","8-4",2141,NA,"1902_10_TeamMI_TeamA3",12,231.639224032395,84.232445102689,1.34187875587978,8.23499009482853,0.955270708137341,67.762464913032,NA,NA,NA,NA,NA,NA,NA,NA,NA,NA,NA,NA
"full","8-6",2141,NA,"1902_10_TeamMI_TeamA3",64,150.942689123058,60.377075649223,0.825256133998208,4.16672213048531,0.97249146220006,52.0436313882524,NA,NA,NA,NA,NA,NA,NA,NA,NA,NA,NA,NA
"full","9-4",NA,NA,"1902_10_TeamMI_TeamA3",83,181.710065253111,95.636876449006,2.24750685863643,7.492516150124,0.925083104712119,80.651844148758,NA,NA,NA,NA,NA,NA,NA,NA,NA,NA,NA,NA
"full","7-4",3956,NA,"1902_10_TeamMI_TeamA3",140,209.468102875879,99.7467156551807,0.498276788025264,1.9462267636496,0.983390773732491,95.8542621278815,NA,NA,NA,NA,NA,NA,NA,NA,NA,NA,NA,NA
"full","7-2",3956,NA,"1902_10_TeamMI_TeamA3",147,239.362558089815,85.4866278892196,3.08392727935332,13.4529371850091,0.897202424021556,58.5807535192014,NA,NA,NA,NA,NA,NA,NA,NA,NA,NA,NA,NA
"full","7-4",3956,NA,"1902_10_TeamMI_TeamA3",214,207.574551507645,84.7243067378143,0.250917672959601,3.24815795225308,0.991636077568013,78.2279908333082,NA,NA,NA,NA,NA,NA,NA,NA,NA,NA,NA,NA
"full","8-6",7520,NA,"1902_10_TeamMI_TeamA3",239,158.872852290535,70.6101565735709,1.38990452334004,4.39926017001143,0.953669849221999,61.8116362335481,NA,NA,NA,NA,NA,NA,NA,NA,NA,NA,NA,NA
"full","8-4",7520,NA,"1902_10_TeamMI_TeamA3",275,173.827955717169,91.4883977458783,1.53491362015389,6.24569754812294,0.948836212661537,78.9970026496324,NA,NA,NA,NA,NA,NA,NA,NA,NA,NA,NA,NA
"full","7-4",3956,NA,"1902_11_TeamMI_TeamA3",14,167.385177262325,85.838552442218,0.0909750938474258,4.03026816258435,0.996967496871752,77.7780161170493,NA,NA,NA,NA,NA,NA,NA,NA,NA,NA,NA,NA
"full","8-6",7520,NA,"1902_11_TeamMI_TeamA3",17,242.199304275466,88.0724742819878,0.0328688924210971,3.3369221748523,0.99890437025263,81.3986299322832,NA,NA,NA,NA,NA,NA,NA,NA,NA,NA,NA,NA
"full","9-6",1119,NA,"1902_11_TeamMI_TeamA3",123,97.3390848963046,121.673856120381,1.38788507864335,6.76782913526191,0.953737164045222,108.138197849857,NA,NA,NA,NA,NA,NA,NA,NA,NA,NA,NA,NA
"full","8-4",7520,NA,"1902_11_TeamMI_TeamA3",209,141.454690674435,80.8312518139627,0.417241898257231,7.12681312229978,0.986091936724759,66.5776255693631,NA,NA,NA,NA,NA,NA,NA,NA,NA,NA,NA,NA
"full","7-4",2044,NA,"1902_11_TeamMI_TeamA3",228,143.405797820067,75.4767356947722,1.64137221701044,5.05734351709956,0.945287592766319,65.3620486605731,NA,NA,NA,NA,NA,NA,NA,NA,NA,NA,NA,NA
"full","7-4",2044,NA,"1902_12_TeamMI_TeamA3",11,180.071742429788,76.626273374378,2.52429246604873,8.62679275767975,0.915856917798376,59.3726878590185,NA,NA,NA,NA,NA,NA,NA,NA,NA,NA,NA,NA
"full","8-4",7520,NA,"1902_12_TeamMI_TeamA3",43,121.014198313628,80.6761322090851,0.987974249620486,6.07045608444341,0.96706752501265,68.5352200401983,NA,NA,NA,NA,NA,NA,NA,NA,NA,NA,NA,NA
"full","9-5",3162,NA,"1902_12_TeamMI_TeamA3",45,186.875081984785,109.926518814579,0.0801545957114604,2.60107930290485,0.997328180142951,104.72436020877,NA,NA,NA,NA,NA,NA,NA,NA,NA,NA,NA,NA
"full","7-4",2044,NA,"1902_12_TeamMI_TeamA3",68,217.90898291998,85.4545031058744,3.44801340597498,13.424739534829,0.885066219800834,58.6050240362164,NA,NA,NA,NA,NA,NA,NA,NA,NA,NA,NA,NA
"full","8-6",7520,NA,"1902_12_TeamMI_TeamA3",84,185.456748974444,84.298522261111,0.170721905122269,3.93748990206095,0.994309269829258,76.4235424569891,NA,NA,NA,NA,NA,NA,NA,NA,NA,NA,NA,NA
"full","8-6",7520,NA,"1902_12_TeamMI_TeamA3",105,234.49910268581,74.4441595827968,0.948621825663261,11.039245192041,0.968379272477891,52.3656691987148,NA,NA,NA,NA,NA,NA,NA,NA,NA,NA,NA,NA
"full","9-4",2141,NA,"1902_12_TeamMI_TeamA3",190,165.936368750344,92.1868715279686,2.35108104637823,7.08769889915797,0.921630631787392,78.0114737296527,NA,NA,NA,NA,NA,NA,NA,NA,NA,NA,NA,NA
"full","8-6",7520,NA,"1902_12_TeamMI_TeamA3",231,170.934500455876,89.9655265557244,0.140548874177537,2.67711203147963,0.995315037527415,84.6113024927652,NA,NA,NA,NA,NA,NA,NA,NA,NA,NA,NA,NA
"full","9-6",3162,NA,"1902_12_TeamMI_TeamA3",232,176.671349810036,107.073545339416,1.27239231368895,4.69665199860497,0.957586922877035,97.6802413422056,NA,NA,NA,NA,NA,NA,NA,NA,NA,NA,NA,NA
"full","9-4",7206,NA,"1902_13_TeamMD_TeamA2",36,156.092953760572,104.061969173715,0.732723573108845,5.00022556721497,0.975575880896372,94.0615180392846,NA,NA,NA,NA,NA,NA,NA,NA,NA,NA,NA,NA
"full","8-5",3839,NA,"1902_13_TeamMD_TeamA2",118,190.571354242053,90.7482639247871,0.902326962187299,3.7283201494641,0.969922434593757,83.2916236258589,NA,NA,NA,NA,NA,NA,NA,NA,NA,NA,NA,NA
"full","9-2",1802,NA,"1902_13_TeamMD_TeamA2",189,322.358959204735,87.1240430283068,1.17359784873749,8.35296729073668,0.96088007170875,70.4181084468334,NA,NA,NA,NA,NA,NA,NA,NA,NA,NA,NA,NA
"full","9-4",1802,NA,"1902_13_TeamMD_TeamA2",195,138.680659163201,81.5768583312949,1.70764171091449,10.141270635379,0.943078609636184,61.2943170605369,NA,NA,NA,NA,NA,NA,NA,NA,NA,NA,NA,NA
"full","8-5",1684,NA,"1902_13_TeamMD_TeamA2",290,208.404238963726,104.202119481863,0.355162941318682,5.74972121205889,0.988161235289377,92.7026770577454,NA,NA,NA,NA,NA,NA,NA,NA,NA,NA,NA,NA
"full","7-5",4205,NA,"1902_13_TeamMD_TeamA2",309,180.866875020552,88.2277439124644,1.5718068253712,9.73603383749769,0.947606439154293,68.755676237469,NA,NA,NA,NA,NA,NA,NA,NA,NA,NA,NA,NA
"full","7-6",2808,NA,"1902_14_TeamMD_TeamA2",7,174.112177745326,77.3831901090338,0.799067730927417,2.93868865909712,0.973364408969086,71.5058127908395,NA,NA,NA,NA,NA,NA,NA,NA,NA,NA,NA,NA
"full","9-2",1802,NA,"1902_14_TeamMD_TeamA2",52,227.611033175547,105.865596825836,0.0551314908330175,3.96306255252992,0.998162283638899,97.939471720776,NA,NA,NA,NA,NA,NA,NA,NA,NA,NA,NA,NA
"full","8-6",1751,NA,"1902_14_TeamMD_TeamA2",116,166.031509861622,89.7467620873634,0.875679378355754,5.22698999042469,0.970810687388141,79.292782106514,NA,NA,NA,NA,NA,NA,NA,NA,NA,NA,NA,NA
"full","9-6",1802,NA,"1902_14_TeamMD_TeamA2",119,101.056313353546,74.8565284100338,5.31000456288678,10.2946695140981,0.822999847903774,54.2671893818377,NA,NA,NA,NA,NA,NA,NA,NA,NA,NA,NA,NA
"full","7-5",2808,NA,"1902_14_TeamMD_TeamA2",188,208.592791159906,80.2279965999637,0.519663817239719,8.19616433278396,0.982677872758676,63.8356679343958,NA,NA,NA,NA,NA,NA,NA,NA,NA,NA,NA,NA
"full","7-5",NA,NA,"1902_14_TeamMD_TeamA2",195,215.270732346527,71.7569107821756,0.36227217165954,5.50409549063241,0.987924260944682,60.7487198009108,NA,NA,NA,NA,NA,NA,NA,NA,NA,NA,NA,NA
"full","8-4",1751,NA,"1902_14_TeamMD_TeamA2",207,162.336296758612,63.6612928465143,0.704145077629633,13.7840225935682,0.976528497412346,36.0932476593778,NA,NA,NA,NA,NA,NA,NA,NA,NA,NA,NA,NA
"full","7-6",6743,NA,"1902_14_TeamMD_TeamA2",254,207.16391990547,94.16541813885,2.39193052500397,9.29224150242255,0.920268982499868,75.5809351340049,NA,NA,NA,NA,NA,NA,NA,NA,NA,NA,NA,NA
"full","7-4",2808,NA,"1902_16_TeamMD_TeamA2",30,226.861435407541,85.6080888330344,2.01827595328599,8.26653759807606,0.932724134890467,69.0750136368823,NA,NA,NA,NA,NA,NA,NA,NA,NA,NA,NA,NA
"full","8-6",1643,NA,"1902_16_TeamMD_TeamA2",33,202.270912128388,89.8981831681724,1.81186274491746,8.2501517325722,0.939604575169418,73.397879703028,NA,NA,NA,NA,NA,NA,NA,NA,NA,NA,NA,NA
"full","8-4",1643,NA,"1902_16_TeamMD_TeamA2",93,199.616411245569,78.2809455864975,2.46442901390901,9.13413302502214,0.917852366203033,60.0126795364533,NA,NA,NA,NA,NA,NA,NA,NA,NA,NA,NA,NA
"full","7-4",2808,NA,"1902_16_TeamMD_TeamA2",180,171.131049300383,64.5777544529746,0.920969627645862,3.43065648195153,0.969301012411805,57.7164414890715,NA,NA,NA,NA,NA,NA,NA,NA,NA,NA,NA,NA
"cut","8-6-5",7511,6549,"1902_17_TeamMB_TeamA1",233,285.91836517737,70.5971272042889,1.82518822182481,4.51846513463366,0.96958019630292,61.5601969350216,164.251361349153,86.4480849206068,0.10193693004078,2.58966796151553,0.996602102331974,81.9296197859731,124.155686230837,77.597303894273,1.82518822182481,4.51846513463366,0.93916039260584,68.5603736250057
"full","9-5",1059,NA,"1902_18_TeamMB_TeamA1",6,257.41636623962,99.006294707546,0.0157328181424425,1.35074735852749,0.999475572728585,96.304799990491,NA,NA,NA,NA,NA,NA,NA,NA,NA,NA,NA,NA
"full","8-5",7511,NA,"1902_18_TeamMB_TeamA1",36,185.770937952227,106.154821686987,1.57607353926621,5.13560829807034,0.947464215357793,95.8836050908459,NA,NA,NA,NA,NA,NA,NA,NA,NA,NA,NA,NA
"full","7-2",1600,NA,"1902_18_TeamMB_TeamA1",126,219.961120703387,93.6004768950583,1.01055261601835,7.50118545254015,0.966314912799388,78.598105989978,NA,NA,NA,NA,NA,NA,NA,NA,NA,NA,NA,NA
"full","7-4",1600,NA,"1902_18_TeamMB_TeamA1",252,133.026103225044,88.6840688166959,2.76664829354028,8.79716067422893,0.907778390215324,71.089747468238,NA,NA,NA,NA,NA,NA,NA,NA,NA,NA,NA,NA
"full","9-5",5238,NA,"1902_19_TeamME_TeamA2",87,183.429129406782,62.1793659006041,0.106681004878925,5.95145314860161,0.996443966504036,50.2764596034009,NA,NA,NA,NA,NA,NA,NA,NA,NA,NA,NA,NA
"full","7-5",4679,NA,"1902_19_TeamME_TeamA2",260,185.622973271791,64.0079218178589,0.168514264023683,4.45527612226223,0.994382857865877,55.0973695733345,NA,NA,NA,NA,NA,NA,NA,NA,NA,NA,NA,NA
"full","7-4",8113,NA,"1902_20_TeamME_TeamA2",20,167.005934236871,95.431962421069,1.14090168925377,6.53038409253238,0.961969943691541,82.3711942360042,NA,NA,NA,NA,NA,NA,NA,NA,NA,NA,NA,NA
"full","8-6",5238,NA,"1902_20_TeamME_TeamA2",29,162.70735069237,95.7102062896296,1.67985831659425,6.53417491320825,0.944004722780191,82.6418564632131,NA,NA,NA,NA,NA,NA,NA,NA,NA,NA,NA,NA
"full","9-6",1802,NA,"1902_20_TeamME_TeamA2",65,97.1110572837615,62.6522950217816,2.13400694311438,6.39687327399667,0.928866435229521,49.8585484737882,NA,NA,NA,NA,NA,NA,NA,NA,NA,NA,NA,NA
"full","9-5",1802,NA,"1902_20_TeamME_TeamA2",75,224.422519228575,97.5750083602499,2.31172366959958,10.9225470655383,0.922942544346681,75.7299142291732,NA,NA,NA,NA,NA,NA,NA,NA,NA,NA,NA,NA
"full","7-6",2808,NA,"1902_20_TeamME_TeamA2",80,165.591704058899,71.9963930690865,1.17938777326108,7.20333582752331,0.960687074224631,57.5897214140399,NA,NA,NA,NA,NA,NA,NA,NA,NA,NA,NA,NA
"full","9-5",9031,NA,"1902_20_TeamME_TeamA2",107,235.870503494205,84.2394655336448,0.769643700466238,4.95158765851924,0.974345209984459,74.3362902166063,NA,NA,NA,NA,NA,NA,NA,NA,NA,NA,NA,NA
"full","9-6",9031,NA,"1902_20_TeamME_TeamA2",151,197.568623947276,94.0802971177503,0.258751361491102,5.21734891396004,0.991374954616963,83.6455992898302,NA,NA,NA,NA,NA,NA,NA,NA,NA,NA,NA,NA
"full","8-6",5238,NA,"1902_20_TeamME_TeamA2",163,168.683075874552,64.8781061055971,3.78556045745522,11.8681653878179,0.873814651418159,41.1417753299612,NA,NA,NA,NA,NA,NA,NA,NA,NA,NA,NA,NA
"full","9-6",9031,NA,"1902_20_TeamME_TeamA2",212,198.972236319467,97.059627472911,1.53034357100623,6.22000379690663,0.948988547633126,84.6196198790977,NA,NA,NA,NA,NA,NA,NA,NA,NA,NA,NA,NA
"full","9-6",NA,NA,"1902_20_TeamME_TeamA2",278,107.664804598021,69.4611642567876,0.611298110865544,11.0944917699595,0.979623396304482,47.2721807168685,NA,NA,NA,NA,NA,NA,NA,NA,NA,NA,NA,NA
"full","9-5",NA,NA,"1902_20_TeamME_TeamA2",290,233.974420132138,62.3931787019033,0.400245085400577,1.85240830910359,0.986658497153314,58.6883620836962,NA,NA,NA,NA,NA,NA,NA,NA,NA,NA,NA,NA
"full","9-6",5238,NA,"1902_21_TeamME_TeamA2",23,185.837559840012,72.8774744470635,2.51427717145078,9.28820715680373,0.916190760951641,54.301060133456,NA,NA,NA,NA,NA,NA,NA,NA,NA,NA,NA,NA
"full","8-4",NA,NA,"1902_21_TeamME_TeamA2",81,101.892909239309,67.9286061595391,0.449274613933956,7.19774687315412,0.985024179535535,53.5331124132309,NA,NA,NA,NA,NA,NA,NA,NA,NA,NA,NA,NA
"full","7-4",1802,NA,"1902_21_TeamME_TeamA2",176,216.365974101475,94.0721626528151,1.14263677273053,5.17447753357999,0.961912107575649,83.7232075856551,NA,NA,NA,NA,NA,NA,NA,NA,NA,NA,NA,NA
"full","8-4",1751,NA,"1902_21_TeamME_TeamA2",182,162.993162708256,63.918887336571,1.17592437111088,5.14353085109684,0.96080252096297,53.6318256343773,NA,NA,NA,NA,NA,NA,NA,NA,NA,NA,NA,NA
"full","9-2",5238,NA,"1902_21_TeamME_TeamA2",184,223.567870267018,101.621759212281,1.68333322902389,7.14263555240641,0.94388889236587,87.3364881074679,NA,NA,NA,NA,NA,NA,NA,NA,NA,NA,NA,NA
"full","9-2",5238,NA,"1902_21_TeamME_TeamA2",196,244.578327300724,97.8313309202896,2.37545910030247,10.3742242365615,0.920818029989918,77.0828824471665,NA,NA,NA,NA,NA,NA,NA,NA,NA,NA,NA,NA
"full","8-5",8113,NA,"1902_21_TeamME_TeamA2",222,191.494298293082,85.1085770191477,0.330998912331496,1.95502220678154,0.988966702922284,81.1985326055846,NA,NA,NA,NA,NA,NA,NA,NA,NA,NA,NA,NA
"full","7-5",4679,NA,"1902_21_TeamME_TeamA2",226,229.218660455775,83.3522401657365,1.06885303205966,11.4152794630881,0.964371565598011,60.5216812395603,NA,NA,NA,NA,NA,NA,NA,NA,NA,NA,NA,NA
"full","9-6",3458,NA,"1902_22_TeamMA_TeamA1",27,162.269384394223,95.4525790554251,2.25941120941242,8.17560067760773,0.924686293019586,79.1013777002097,NA,NA,NA,NA,NA,NA,NA,NA,NA,NA,NA,NA
"full","8-6",1177,NA,"1902_22_TeamMA_TeamA1",127,94.1174477888665,67.2267484206189,6.05525244561412,11.7141444212552,0.798158251812863,43.7984595781084,NA,NA,NA,NA,NA,NA,NA,NA,NA,NA,NA,NA
"full","7-2",1600,NA,"1902_23_TeamMA_TeamA1",45,235.829777269157,94.3319109076626,1.32752024791657,6.44770012939498,0.955749325069448,81.4365106488727,NA,NA,NA,NA,NA,NA,NA,NA,NA,NA,NA,NA
"full","7-2",1600,NA,"1902_23_TeamMA_TeamA1",53,229.301996547174,88.1930755950668,2.99646881906019,12.0927607980973,0.900117706031327,64.0075539988721,NA,NA,NA,NA,NA,NA,NA,NA,NA,NA,NA,NA
"full","9-4",8714,NA,"1902_23_TeamMA_TeamA1",98,145.278677370631,111.75282874664,1.32687437356513,10.3750304850975,0.955770854214496,91.0027677764445,NA,NA,NA,NA,NA,NA,NA,NA,NA,NA,NA,NA
"full","7-2",9410,NA,"1902_23_TeamMA_TeamA1",174,218.850815999804,97.2670293332462,1.93935354508915,10.9215038914062,0.935354881830362,75.4240215504338,NA,NA,NA,NA,NA,NA,NA,NA,NA,NA,NA,NA
"full","7-4",1600,NA,"1902_24_TeamMA_TeamA1",82,212.096241863759,88.0432718404976,2.41608657418027,9.03950375291526,0.919463780860658,69.964264334667,NA,NA,NA,NA,NA,NA,NA,NA,NA,NA,NA,NA
"full","8-4",7038,NA,"1902_24_TeamMA_TeamA1",155,220.690711772743,80.5734617644188,2.58472494515532,10.5024485460534,0.913842501828156,59.568564672312,NA,NA,NA,NA,NA,NA,NA,NA,NA,NA,NA,NA
"full","9-6",NA,NA,"1902_24_TeamMA_TeamA1",225,121.746946693418,70.9481041336936,5.58708569989604,12.0523457802008,0.813763810003465,46.843412573292,NA,NA,NA,NA,NA,NA,NA,NA,NA,NA,NA,NA
"full","7-6",1399,NA,"1902_25_TeamMH_TeamA3",96,115.999130160963,92.7993041287703,0.603451972069119,5.20079361125625,0.979884934264363,82.3977169062578,NA,NA,NA,NA,NA,NA,NA,NA,NA,NA,NA,NA
"full","8-4",NA,NA,"1902_25_TeamMH_TeamA3",102,170.252041125063,89.6063374342435,1.40635994860441,5.6799968728245,0.95312133504652,78.2463436885945,NA,NA,NA,NA,NA,NA,NA,NA,NA,NA,NA,NA
"full","9-5",2163,NA,"1902_25_TeamMH_TeamA3",202,233.293573660163,97.2056556917347,0.670033226303852,4.58258989004351,0.977665559123205,88.0404759116477,NA,NA,NA,NA,NA,NA,NA,NA,NA,NA,NA,NA
"full","7-4",3052,NA,"1902_25_TeamMH_TeamA3",268,182.787600428065,83.0852729218478,0.257927748600618,8.68146768985521,0.991402408379979,65.7223375421374,NA,NA,NA,NA,NA,NA,NA,NA,NA,NA,NA,NA
"cut","7-6-2",1804,1181,"1902_26_TeamMC_TeamA1",74,340.738115375812,83.1068574087346,1.04930485948305,3.81463161184975,0.982511585675282,75.4775941850351,138.473287806891,98.9094912906363,1.21024064051834,11.3787306526519,0.959658645316055,95.0948596787865,202.336943541732,98.7009480691375,1.04930485948305,3.81463161184975,0.965023171350565,91.071684845438
"full","9-2",2973,NA,"1902_26_TeamMC_TeamA1",156,324.477579279586,92.7078797941674,0.399048153778854,4.1152108385559,0.986698394874038,84.4774581170556,NA,NA,NA,NA,NA,NA,NA,NA,NA,NA,NA,NA
"full","8-4",5222,NA,"1902_26_TeamMC_TeamA1",172,132.330514234019,115.070012377408,0.719972838214551,6.40859035424452,0.976000905392848,102.252831668919,NA,NA,NA,NA,NA,NA,NA,NA,NA,NA,NA,NA
"full","8-5",2141,NA,"1902_26_TeamMH_TeamA3",19,192.729442017871,101.436548430459,2.19695841614017,9.53587496365698,0.926768052795328,82.3647985031446,NA,NA,NA,NA,NA,NA,NA,NA,NA,NA,NA,NA
"cut","8-4-5",2141,1628,"1902_26_TeamMH_TeamA3",47,348.588249731413,78.3344381418906,0.969420562432078,4.82273580702904,0.983842990626132,68.6889665278325,171.773700226082,81.7970001076583,2.60954522365759,9.10092164895952,0.913015159211414,76.9742643006292,178.720107515439,102.125775723108,0.969420562432078,4.82273580702904,0.967685981252264,92.4803041090498
"full","9-2",2236,NA,"1902_26_TeamMH_TeamA3",50,275.127873426485,93.2636859072831,2.29861227459311,13.6216479260807,0.923379590846896,66.0203900551216,NA,NA,NA,NA,NA,NA,NA,NA,NA,NA,NA,NA
"full","7-4",3052,NA,"1902_26_TeamMH_TeamA3",118,186.220063034304,95.4974682227198,0.240505771956354,9.80904074008238,0.991983140934788,75.879386742555,NA,NA,NA,NA,NA,NA,NA,NA,NA,NA,NA,NA
"full","9-6",2236,NA,"1902_26_TeamMH_TeamA3",234,134.944356218295,69.2022339580998,1.8529660774072,10.8726664120454,0.938234464086427,47.456901134009,NA,NA,NA,NA,NA,NA,NA,NA,NA,NA,NA,NA
"full","7-4",3052,NA,"1902_26_TeamMH_TeamA3",318,158.809421168676,96.248134041622,2.31970541825062,8.74567224071998,0.922676486058313,78.756789560182,NA,NA,NA,NA,NA,NA,NA,NA,NA,NA,NA,NA
"cut","7-6-2",2006,2190,"1902_27_TeamMH_TeamA3",268,271.384479562262,88.9785178892664,0.905692625887566,4.61623420039159,0.984905122901874,79.7460494884832,108.737544654319,98.8523133221081,0.688923407890114,3.11150302638853,0.977035886403663,94.2360791217165,155.01146344774,119.239587267492,0.905692625887566,4.61623420039159,0.969810245803748,110.007118866709
"full","7-2",3052,NA,"1902_27_TeamMH_TeamA3",276,255.988304360277,94.810483096399,1.34273698332235,7.67188998509657,0.955242100555922,79.4667031262059,NA,NA,NA,NA,NA,NA,NA,NA,NA,NA,NA,NA
"full","7-4",1600,NA,"1902_28_TeamMC_TeamA1",29,253.780623307809,69.5289378925504,0.870535637233689,5.94833143839551,0.970982145425544,57.6322750157594,NA,NA,NA,NA,NA,NA,NA,NA,NA,NA,NA,NA
"full","8-6",5222,NA,"1902_28_TeamMC_TeamA1",52,181.703470899402,98.2180923780554,4.0321093824663,13.0380892499707,0.86559635391779,72.141913878114,NA,NA,NA,NA,NA,NA,NA,NA,NA,NA,NA,NA
"full","8-2",5222,NA,"1902_28_TeamMC_TeamA1",190,191.546911383817,103.53887101828,2.47702065737149,10.5075445786001,0.917432644754284,82.5237818610794,NA,NA,NA,NA,NA,NA,NA,NA,NA,NA,NA,NA
"full","8-2",5222,NA,"1902_28_TeamMC_TeamA1",223,235.518916796507,94.2075667186028,0.050560574250021,12.1904397947869,0.998314647524999,69.826687129029,NA,NA,NA,NA,NA,NA,NA,NA,NA,NA,NA,NA
"full","7-4",7115,NA,"1902_29_TeamMF_TeamA2",189,133.181650336223,61.9449536447549,0.0617321549143207,3.38454842741303,0.997942261502856,55.1758567899289,NA,NA,NA,NA,NA,NA,NA,NA,NA,NA,NA,NA
"full","8-6",4257,NA,"1902_30_TeamMF_TeamA2",96,104.929301048849,80.7148469606531,0.00549795917292295,8.4701135846021,0.999816734694236,63.7746197914489,NA,NA,NA,NA,NA,NA,NA,NA,NA,NA,NA,NA
"full","9-6",1751,NA,"1902_30_TeamMF_TeamA2",309,178.830029274728,108.381835924077,3.07825682930749,9.82868362722866,0.897391439023084,88.7244686696201,NA,NA,NA,NA,NA,NA,NA,NA,NA,NA,NA,NA
"full","8-4",1751,NA,"1902_31_TeamMF_TeamA2",294,234.268510739301,91.8700042114906,0.643902875235879,3.72935748562416,0.978536570825471,84.4112892402423,NA,NA,NA,NA,NA,NA,NA,NA,NA,NA,NA,NA
"full","9-6",7115,NA,"1902_31_TeamMF_TeamA2",312,165.417722057614,80.6915717354214,0.156836344182959,0.465801410471244,0.994772121860568,79.7599689144789,NA,NA,NA,NA,NA,NA,NA,NA,NA,NA,NA,NA
"full","9-6",7148,NA,"1903_01_TeamNE_TeamA2",36,156.046000905502,76.268817646873,0.809617149101404,6.09186482046212,0.97301276169662,64.0850880059488,NA,NA,NA,NA,NA,NA,NA,NA,NA,NA,NA,NA
"full","8-6",4474,NA,"1903_01_TeamNE_TeamA2",69,142.802035588363,74.6092139960098,1.94472795573634,5.96688299557113,0.935175734808789,62.6754480048675,NA,NA,NA,NA,NA,NA,NA,NA,NA,NA,NA,NA
"full","9-2",2973,NA,"1903_01_TeamNE_TeamA2",91,266.075732532413,86.6978600626956,0.0923217474606671,3.38123163507027,0.996922608417978,79.935396792555,NA,NA,NA,NA,NA,NA,NA,NA,NA,NA,NA,NA
"full","9-2",7148,NA,"1903_01_TeamNE_TeamA2",112,308.751087738327,81.3573353724181,1.28903947824559,7.11272978698546,0.957032017391814,67.1318757984472,NA,NA,NA,NA,NA,NA,NA,NA,NA,NA,NA,NA
"cut","9-4-5",7148,6993,"1903_01_TeamNE_TeamA2",125,310.426122474575,78.3904349683271,0.0934968166837815,4.02276015442134,0.998441719721937,70.3449146594844,153.373461681772,86.0681603152481,2.18460021107831,15.17043542678,0.927179992964056,82.0454001608267,173.873485411807,107.528438720969,0.0934968166837815,4.02276015442134,0.996883439443874,99.4829184121266
"cut","8-6-2",1751,1972,"1903_01_TeamNE_TeamA2",249,347.511052896451,73.1294303233273,0.314167258941795,2.1359739874672,0.994763879017637,68.8574823483928,202.000245959652,88.7133271671727,13.2317595047006,62.4204525268321,0.558941349843312,86.5773531797055,188.192777672099,103.687480811074,0.314167258941795,2.1359739874672,0.989527758035274,99.4155328361393
"full","8-6",1751,NA,"1903_01_TeamNE_TeamA2",282,211.832486702607,85.5888835162047,0.746234587847032,4.41737678653984,0.975125513738432,76.754129943125,NA,NA,NA,NA,NA,NA,NA,NA,NA,NA,NA,NA
"full","8-2",1177,NA,"1903_02_TeamNE_TeamA2",20,263.447902862122,99.4143029668385,0.761231342882974,4.65499371686407,0.974625621903901,90.1043155331103,NA,NA,NA,NA,NA,NA,NA,NA,NA,NA,NA,NA
"full","9-6",7148,NA,"1903_02_TeamNE_TeamA2",198,213.460145635784,99.2837886678064,0.246718763754788,1.638790575487,0.991776041208174,96.0062075168324,NA,NA,NA,NA,NA,NA,NA,NA,NA,NA,NA,NA
"full","9-2",7148,NA,"1903_03_TeamNE_TeamA2",212,234.113706477899,99.6228538203827,1.12399886787857,5.54934401437683,0.962533371070714,88.524165791629,NA,NA,NA,NA,NA,NA,NA,NA,NA,NA,NA,NA
"full","7-2",5654,NA,"1903_04_TeamNC_TeamA1",30,230.069697706108,109.556998907671,0.278532238030174,3.96699253802424,0.990715592065661,101.623013831622,NA,NA,NA,NA,NA,NA,NA,NA,NA,NA,NA,NA
"full","8-4",6228,NA,"1903_04_TeamNC_TeamA1",58,212.789241112444,101.328210053545,1.58907107059601,7.29962648929382,0.947030964313466,86.7289570749573,NA,NA,NA,NA,NA,NA,NA,NA,NA,NA,NA,NA
"cut","8-4-2",1177,1297,"1903_05_TeamND_TeamA2",208,334.715300892878,71.9817851382534,2.32960448574875,8.29057916435939,0.961173258570854,55.4006268095346,184.810343626027,102.67241312557,1.38545156964079,38.7244152882576,0.953818281011974,94.3818339612109,181.883584505804,88.7236997589289,2.32960448574875,8.29057916435939,0.922346517141708,72.1425414302101
"full","9-6",1751,NA,"1903_05_TeamND_TeamA2",243,164.123597718335,63.1244606608982,0.531920868188466,3.71577041906489,0.982269304393718,55.6929198227685,NA,NA,NA,NA,NA,NA,NA,NA,NA,NA,NA,NA
"full","9-6",9465,NA,"1903_05_TeamND_TeamA2",308,174.152537282148,108.845335801343,0.858457992183141,3.61057184501984,0.971384733593895,101.624192111303,NA,NA,NA,NA,NA,NA,NA,NA,NA,NA,NA,NA
"full","9-6",9465,NA,"1903_05_TeamND_TeamA2",358,192.308667816222,101.215088324327,3.46651436072563,12.1461544627569,0.884449521309146,76.9227793988136,NA,NA,NA,NA,NA,NA,NA,NA,NA,NA,NA,NA
"full","7-5",5177,NA,"1903_06_TeamND_TeamA2",19,185.75390438225,67.5468743208181,1.20128674533325,4.7149098058988,0.959957108488892,58.1170547090205,NA,NA,NA,NA,NA,NA,NA,NA,NA,NA,NA,NA
"full","8-6",8032,NA,"1903_06_TeamND_TeamA2",26,163.557116737732,99.125525295595,1.24766200656868,4.10856422364018,0.958411266447711,90.9083968483146,NA,NA,NA,NA,NA,NA,NA,NA,NA,NA,NA,NA
"full","8-4",1177,NA,"1903_06_TeamND_TeamA2",137,169.371653113087,86.8572580067115,1.15402319769832,7.67167865695644,0.961532560076723,71.5139006927986,NA,NA,NA,NA,NA,NA,NA,NA,NA,NA,NA,NA
"full","9-6",6875,NA,"1903_06_TeamND_TeamA2",140,177.578393918207,60.1960657349855,1.32367876040566,8.32565172409493,0.955877374653145,43.5447622867957,NA,NA,NA,NA,NA,NA,NA,NA,NA,NA,NA,NA
"full","8-4",1177,NA,"1903_06_TeamND_TeamA2",172,194.941087083175,95.0932132113048,1.50907424763517,5.17095482759625,0.949697525078828,84.7513035561123,NA,NA,NA,NA,NA,NA,NA,NA,NA,NA,NA,NA
"full","9-6",6875,NA,"1903_06_TeamND_TeamA2",212,199.142880109734,88.5079467154375,2.54764336027119,9.06555914216546,0.915078554657627,70.3768284311065,NA,NA,NA,NA,NA,NA,NA,NA,NA,NA,NA,NA
"full","7-4",8032,NA,"1903_07_TeamND_TeamA2",52,203.314758059148,92.4157991177947,2.28897956728117,10.8491256306136,0.923700681090628,70.7175478565675,NA,NA,NA,NA,NA,NA,NA,NA,NA,NA,NA,NA
"full","8-5",5177,NA,"1903_07_TeamND_TeamA2",62,241.507503049491,102.769150233826,1.09828395366989,6.86696240069071,0.96339053487767,89.0352254324446,NA,NA,NA,NA,NA,NA,NA,NA,NA,NA,NA,NA
"full","9-5",6851,NA,"1903_07_TeamND_TeamA2",91,274.403534809776,76.2232041138267,0.225191434015983,6.51168300920806,0.992493618866134,63.1998380954106,NA,NA,NA,NA,NA,NA,NA,NA,NA,NA,NA,NA
"full","9-6",6851,NA,"1903_07_TeamND_TeamA2",94,111.269814214638,67.4362510391744,0.627000944862327,10.931889387535,0.979099968504589,45.5724722641044,NA,NA,NA,NA,NA,NA,NA,NA,NA,NA,NA,NA
"full","8-6",1177,NA,"1903_07_TeamND_TeamA2",158,93.0506806918681,64.1728832357711,0.447588875902258,1.92063002669541,0.985080370803258,60.3316231823803,NA,NA,NA,NA,NA,NA,NA,NA,NA,NA,NA,NA
"full","9-5",2837,NA,"1903_11_TeamNC_TeamA1",26,268.361166480883,81.3215656002675,2.44241221680838,11.9550396590727,0.918586259439721,57.4114862821222,NA,NA,NA,NA,NA,NA,NA,NA,NA,NA,NA,NA
"cut","9-4-5",2837,2386,"1903_11_TeamNC_TeamA1",124,348.692058398826,86.0968045429199,1.50012446575826,4.99306819513173,0.974997925570696,76.1106681526564,163.098647415115,105.224933816203,0.0664806072683515,5.3099986230371,0.997783979757722,100.231865621071,179.89197207894,89.9459860394698,1.50012446575826,4.99306819513173,0.949995851141391,79.9598496492064
"full","8-2",2766,NA,"1903_11_TeamNC_TeamA1",135,267.45580009753,95.5199286062608,0.137210163255761,4.18396129808198,0.995426327891475,87.1520060100968,NA,NA,NA,NA,NA,NA,NA,NA,NA,NA,NA,NA
"cut","7-6-5",1185,1181,"1903_11_TeamNC_TeamA1",166,263.038462125257,67.4457595192965,0.103073576706715,3.74771919595919,0.998282107054888,59.9503211273782,162.460686312782,95.5651095957538,1.37773349824612,7.00109337960865,0.954075550058463,91.8173903997946,106.087575844488,101.03578651856,0.103073576706715,3.74771919595919,0.996564214109776,93.5403481266416
"full","9-2",2837,NA,"1903_11_TeamNC_TeamA1",169,225.373208483018,100.165870436897,2.21096339924737,11.1937720219792,0.926301220025088,77.7783263929386,NA,NA,NA,NA,NA,NA,NA,NA,NA,NA,NA,NA
"cut","9-4-5",2837,2386,"1903_11_TeamNC_TeamA1",197,342.191044144203,74.3893574226529,1.99100173348978,7.04262213517806,0.96681663777517,60.3041131522967,178.508930127459,105.005253016152,3.59713345944155,11.4741853930056,0.880095551351948,97.9626308809742,151.26658206914,108.047558620815,1.99100173348978,7.04262213517806,0.933633275550341,93.9623143504585
"full","8-4",3452,NA,"1903_11_TeamNC_TeamA1",216,226.242256469697,64.6406447056276,3.24909500258004,13.9622412874868,0.891696833247332,36.7161621306541,NA,NA,NA,NA,NA,NA,NA,NA,NA,NA,NA,NA
"full","7-4",5654,NA,"1903_11_TeamNC_TeamA1",216,230.447947917182,98.0629565605028,3.25402614537527,14.4578622821633,0.891532461820825,69.1472319961762,NA,NA,NA,NA,NA,NA,NA,NA,NA,NA,NA,NA
"cut","7-6-2",5654,3748,"1903_12_TeamNC_TeamA1",143,323.610100188004,82.9769487661549,1.15305072672387,4.75633819420791,0.980782487887936,73.4642723777391,146.649077499622,94.612308064272,3.73622522348384,11.9246529221072,0.875459159217205,89.855969870064,176.94577220903,107.239861944867,1.15305072672387,4.75633819420791,0.961564975775871,97.7271855564509
"full","9-2",9159,NA,"1903_22_TeamNA_TeamA1",34,257.879944459995,93.7745252581799,1.32789158024109,6.58794731297997,0.955736947325297,80.59863063222,NA,NA,NA,NA,NA,NA,NA,NA,NA,NA,NA,NA
"full","8-5",2766,NA,"1903_22_TeamNA_TeamA1",166,194.317073884927,105.036256154014,0.144168035782596,1.89597712275228,0.995194398807247,101.24430190851,NA,NA,NA,NA,NA,NA,NA,NA,NA,NA,NA,NA
"full","8-5",3315,NA,"1903_22_TeamNA_TeamA1",248,173.626934607393,108.516834129621,0.349904411672382,7.10866105275107,0.988336519610921,94.2995120241186,NA,NA,NA,NA,NA,NA,NA,NA,NA,NA,NA,NA
"full","9-2",9159,NA,"1903_23_TeamNA_TeamA1",229,347.096632550015,72.3117984479198,0.331866455686897,5.01395989796698,0.988937784810437,62.2838786519858,NA,NA,NA,NA,NA,NA,NA,NA,NA,NA,NA,NA
"cut","8-6-5",9159,5478,"1903_24_TeamNA_TeamA1",15,288.521594687018,84.8592925550054,0.180731591477824,3.61839689951227,0.996987806808703,77.6224987559808,188.266124577153,94.1330622885764,31.5173050054022,11.6046016992786,-0.0505768335134082,90.5146653890641,85.1155412460028,113.487388328004,0.180731591477824,3.61839689951227,0.993975613617406,106.250594528979
"full","9-6",1008,NA,"1903_24_TeamNA_TeamA1",31,242.550927047847,101.062886269936,0.674909723820993,5.38060247021139,0.977503009205967,90.3016813295135,NA,NA,NA,NA,NA,NA,NA,NA,NA,NA,NA,NA
"full","9-6",1008,NA,"1903_24_TeamNA_TeamA1",66,128.234524533957,73.2768711622611,0.0242629000885883,3.51866877498523,0.999191236663714,66.2395336122907,NA,NA,NA,NA,NA,NA,NA,NA,NA,NA,NA,NA
"full","9-6",5851,NA,"1903_24_TeamNA_TeamA1",117,208.962751676465,80.3702891063327,2.32376690834649,8.65845789560704,0.922541103055117,63.0533733151186,NA,NA,NA,NA,NA,NA,NA,NA,NA,NA,NA,NA
"full","8-6",1751,NA,"1903_28_TeamNF_TeamA2",14,197.821907003876,89.9190486381253,1.46159142134069,5.07997797072546,0.95128028595531,79.7590926966743,NA,NA,NA,NA,NA,NA,NA,NA,NA,NA,NA,NA
"full","8-4",1751,NA,"1903_28_TeamNF_TeamA2",16,222.558964363716,79.485344415613,1.41291098145731,11.8101045351525,0.952902967284756,55.8651353453081,NA,NA,NA,NA,NA,NA,NA,NA,NA,NA,NA,NA
"full","7-4",6689,NA,"1903_28_TeamNF_TeamA2",21,154.602517955853,61.8410071823414,0.966575216716532,5.6844333578091,0.967780826109449,50.4721404667232,NA,NA,NA,NA,NA,NA,NA,NA,NA,NA,NA,NA
"full","8-5",6540,NA,"1903_28_TeamNF_TeamA2",160,198.89043388303,88.3957483924578,1.25836015764302,6.04486622820555,0.9580546614119,76.3060159360467,NA,NA,NA,NA,NA,NA,NA,NA,NA,NA,NA,NA
"full","8-2",6540,NA,"1903_28_TeamNF_TeamA2",164,228.986660032522,81.7809500116152,0.0269321669476603,5.12961386927676,0.999102261101745,71.5217222730616,NA,NA,NA,NA,NA,NA,NA,NA,NA,NA,NA,NA
"full","9-4",6689,NA,"1903_29_TeamNF_TeamA2",34,188.122188347095,70.9895050366397,1.18065143120897,13.6329443895184,0.960644952293034,43.723616257603,NA,NA,NA,NA,NA,NA,NA,NA,NA,NA,NA,NA
"full","8-4",6540,NA,"1903_29_TeamNF_TeamA2",77,173.553471973683,84.6602302310649,0.693995501488857,7.51022740452644,0.976866816617038,69.639775422012,NA,NA,NA,NA,NA,NA,NA,NA,NA,NA,NA,NA
"full","7-4",1751,NA,"1903_29_TeamNF_TeamA2",219,211.100466738589,82.7844967602309,2.15872913039733,8.21217600800787,0.928042362320089,66.3601447442151,NA,NA,NA,NA,NA,NA,NA,NA,NA,NA,NA,NA
"full","9-6",3291,NA,"1903_30_TeamNB_TeamA1",33,147.494322497003,68.6020104637224,1.48325677439963,5.11632544747263,0.950558107520012,58.3693595687772,NA,NA,NA,NA,NA,NA,NA,NA,NA,NA,NA,NA
"full","7-4",8638,NA,"1903_30_TeamNB_TeamA1",76,204.310490419092,95.0281350786476,1.26439642480112,8.9094663703389,0.957853452506629,77.2092023379698,NA,NA,NA,NA,NA,NA,NA,NA,NA,NA,NA,NA
"full","8-2",5291,NA,"1903_30_TeamNB_TeamA1",83,254.090030007259,87.6172517266412,0.708432755576045,5.77639782650053,0.976385574814132,76.0644560736401,NA,NA,NA,NA,NA,NA,NA,NA,NA,NA,NA,NA
"full","7-2",1973,NA,"1903_30_TeamNB_TeamA1",103,213.453032931181,99.2804804331076,0.193373827597664,6.36581542651497,0.993554205746744,86.5488495800777,NA,NA,NA,NA,NA,NA,NA,NA,NA,NA,NA,NA
"full","9-6",3291,NA,"1903_30_TeamNB_TeamA1",146,115.268492764068,92.2147942112544,4.93564080628183,10.9917867633975,0.835478639790606,70.2312206844595,NA,NA,NA,NA,NA,NA,NA,NA,NA,NA,NA,NA
"full","7-4",8638,NA,"1903_30_TeamNB_TeamA1",176,201.869554861475,103.52284864691,0.500945766104805,4.23194790374362,0.983301807796506,95.0589528394229,NA,NA,NA,NA,NA,NA,NA,NA,NA,NA,NA,NA
"full","8-4",6540,NA,"1903_30_TeamNF_TeamA2",165,185.415375622978,95.0848080117836,0.0709039786193776,6.06559984051867,0.997636534046021,82.9536083307462,NA,NA,NA,NA,NA,NA,NA,NA,NA,NA,NA,NA
"full","9-5",7004,NA,"1903_30_TeamNF_TeamA2",226,214.711171853958,97.5959872063447,2.66302338580552,13.5760023497494,0.911232553806483,70.4439825068459,NA,NA,NA,NA,NA,NA,NA,NA,NA,NA,NA,NA
"full","9-6",2837,NA,"1903_30_TeamNF_TeamA2",246,77.4047478368091,64.5039565306742,4.06340684173363,10.9777064041515,0.864553105275546,42.5485437223712,NA,NA,NA,NA,NA,NA,NA,NA,NA,NA,NA,NA
"full","8-4",1177,NA,"1903_30_TeamNF_TeamA2",248,223.391129624791,81.2331380453784,1.57729057453462,9.59047670516956,0.947423647515513,62.0521846350393,NA,NA,NA,NA,NA,NA,NA,NA,NA,NA,NA,NA
"full","8-6",2766,NA,"1903_31_TeamNB_TeamA1",15,149.44583533324,90.5732335352972,0.910333962516234,3.33144891150983,0.969655534582792,83.9103357122775,NA,NA,NA,NA,NA,NA,NA,NA,NA,NA,NA,NA
"full","8-5",5291,NA,"1903_31_TeamNB_TeamA1",49,276.283687662735,73.6756500433961,0.266041022589309,3.33722652570573,0.99113196591369,67.0011969919847,NA,NA,NA,NA,NA,NA,NA,NA,NA,NA,NA,NA
"full","9-6",3291,NA,"1903_31_TeamNB_TeamA1",91,186.290829717246,76.037073353978,0.909836546332699,6.49868900146706,0.969672115122243,63.0396953510439,NA,NA,NA,NA,NA,NA,NA,NA,NA,NA,NA,NA
"cut","9-6-5",3291,8787,"1903_31_TeamNB_TeamA1",114,328.285364141687,79.1049070220932,2.31600683332175,5.12736306614081,0.961399886111304,68.8501808898116,205.121848041304,97.6770704958593,2.42363930752135,11.6185131772529,0.919212023082622,92.5497074297185,126.479188208416,101.183350566733,2.31600683332175,5.12736306614081,0.922799772222609,90.9286244344514
"full","9-2",1008,NA,"1903_31_TeamNB_TeamA1",196,205.870570240236,124.77004256984,1.89842960048917,8.69940259310316,0.936719013317028,107.371237383634,NA,NA,NA,NA,NA,NA,NA,NA,NA,NA,NA,NA
